Item,Label,Condition,WCO?,Quantifier/Definite,Determiner,Animate/Inanimate,Comp,Pronoun,Subject,V1,V2,Sentence example in Spanish,Context in Spanish
1,pilot,YQA,yes,Quantifier,Every,animate,who,her,flight attendant,flew around the country,avoided,Cada auxiliar de vuelo que su piloto voló alrededor del país evitó la turbulencia.,"Los auxiliares de vuelo trabajan con ciertos pilotos. Algunos auxiliares de vuelo fueron llevados alrededor del país por su piloto, y otros no lo fueron."
1,pilot,YQI,yes,Quantifier,Every,inanimate,which,its,plane,flew around the country,avoided,Cada avión que su piloto voló alrededor del país evitó la turbulencia.,"Los aviones son operados por ciertos pilotos. Algunos aviones fueron volados alrededor del país por su piloto, y otros no lo fueron."
1,pilot,YDA,yes,Definite,The,animate,who,her,flight attendant,flew around the country,avoided,La auxiliar de vuelo a quien su piloto llevó alrededor del país evitó la turbulencia.,"Los asistentes de vuelo trabajan con ciertos pilotos. Una auxiliar de vuelo fue volada alrededor del país por su piloto, y otra no lo fue."
1,pilot,YDI,yes,Definite,The,inanimate,which,its,plane,flew around the country,avoided,El avión que su piloto voló alrededor del país evitó la turbulencia.,"Los aviones son operados por ciertos pilotos. Un avión fue volado alrededor del país por su piloto, y otro no lo fue."
1,pilot,NQA,no,Quantifier,Every,animate,who,her,flight attendant,flew around the country,avoided,Cada auxiliar de vuelo a quien el piloto llevó alrededor del país evitó la turbulencia.,"Hay un piloto en particular. Algunas auxiliares de vuelo fueron voladas alrededor del país por ese piloto, y otras no lo fueron."
1,pilot,NQI,no,Quantifier,Every,inanimate,which,its,plane,flew around the country,avoided,Cada avión que el piloto voló alrededor del país evitó la turbulencia.,"Hay un piloto en particular. Algunos aviones fueron volados alrededor del país por ese piloto, y otros no lo fueron."
1,pilot,NDA,no,Definite,The,animate,who,her,flight attendant,flew around the country,avoided,La auxiliar de vuelo a quien el piloto llevó alrededor del país evitó la turbulencia.,"Hay un piloto en particular. Una auxiliar de vuelo fue volada alrededor del país por ese piloto, y otra no."
1,pilot,NDI,no,Definite,The,inanimate,which,its,plane,flew around the country,avoided,El avión que el piloto voló alrededor del país evitó la turbulencia.,"Hay un piloto en particular. Un avión fue volado alrededor del país por ese piloto, y otro no."
2,pianist,YQA,yes,Quantifier,Every,animate,who,her,singer,heard during rehearsal,sounded,Cada cantante que su pianista escuchó durante el ensayo sonaba hermoso.,"Los cantantes interpretan con ciertos pianistas. Algunos cantantes fueron escuchados durante el ensayo por su pianista, y otros no."
2,pianist,YQI,yes,Quantifier,Every,inanimate,which,its,guitar,heard during rehearsal,sounded,Cada piano que su pianista escuchó durante el ensayo sonaba hermoso.,"Las guitarras se emparejan con ciertos pianistas. Algunas guitarras fueron escuchadas durante el ensayo por su pianista, y otras no."
2,pianist,YDA,yes,Definite,The,animate,who,her,singer,heard during rehearsal,sounded,La cantante a quien su pianista escuchó durante el ensayo sonaba hermosa.,"Los cantantes interpretan con ciertos pianistas. Una cantante fue escuchada durante el ensayo por su pianista, y otra no."
2,pianist,YDI,yes,Definite,The,inanimate,which,its,guitar,heard during rehearsal,sounded,El piano que su pianista escuchó durante el ensayo sonaba hermoso.,"Las guitarras se emparejan con ciertos pianistas. Una guitarra fue escuchada durante el ensayo por su pianista, y otra no."
2,pianist,NQA,no,Quantifier,Every,animate,who,her,singer,heard during rehearsal,sounded,Cada cantante que el pianista escuchó durante el ensayo sonaba hermoso.,"Hay un pianista en particular. Algunos cantantes fueron escuchados durante el ensayo por ese pianista, y otros no."
2,pianist,NQI,no,Quantifier,Every,inanimate,which,its,guitar,heard during rehearsal,sounded,Cada piano que el pianista escuchó durante el ensayo sonaba hermoso.,"Hay un pianista en particular. Algunas guitarras fueron escuchadas durante el ensayo por ese pianista, y otras no."
2,pianist,NDA,no,Definite,The,animate,who,her,singer,heard during rehearsal,sounded,La cantante que el pianista escuchó durante el ensayo sonaba hermosa.,"Hay un pianista en particular. Un cantante fue escuchado durante el ensayo por ese pianista, y otro no."
2,pianist,NDI,no,Definite,The,inanimate,which,its,guitar,heard during rehearsal,sounded,El piano que el pianista escuchó durante el ensayo sonaba hermoso.,"Hay un pianista en particular. Una guitarra fue escuchada durante el ensayo por ese pianista, y otra no."
3,queen,YQA,yes,Quantifier,Every,animate,who,her,princess,admired,was featured,Cada princesa que su reina admiraba fue incluida en el retrato real.,"Las princesas son las hijas de ciertas reinas. Algunas princesas eran admiradas por su reina, y otras no."
3,queen,YQI,yes,Quantifier,Every,inanimate,which,its,tiara,admired,was featured,Cada tiara que su reina admiraba fue incluida en el retrato real.,"Las tiaras son llevadas por ciertas reinas. Algunas tiaras eran admiradas por su reina, y otras no."
3,queen,YDA,yes,Definite,The,animate,who,her,princess,admired,was featured,La princesa a quien su reina admiraba fue incluida en el retrato real.,"Las princesas son las hijas de ciertas reinas. Una princesa fue admirada por su reina, y otra no."
3,queen,YDI,yes,Definite,The,inanimate,which,its,tiara,admired,was featured,La tiara que su reina admiraba fue incluida en el retrato real.,"Las tiaras son usadas por ciertas reinas. Una tiara fue admirada por su reina, y otra no."
3,queen,NQA,no,Quantifier,Every,animate,who,her,princess,admired,was featured,Cada princesa que la reina admiraba fue incluida en el retrato real.,"Hay una reina en particular. Algunas princesas fueron admiradas por esa reina, y otras no."
3,queen,NQI,no,Quantifier,Every,inanimate,which,its,tiara,admired,was featured,Cada diadema que la reina admiraba fue incluida en el retrato real.,"Hay una reina en particular. Algunas tiaras fueron admiradas por esa reina, y otras no."
3,queen,NDA,no,Definite,The,animate,who,her,princess,admired,was featured,La princesa a quien la reina admiraba fue incluida en el retrato real.,"Hay una reina en particular. Una princesa fue admirada por esa reina, y otra no."
3,queen,NDI,no,Definite,The,inanimate,which,its,tiara,admired,was featured,La tiara que la reina admiraba estaba en el retrato real.,"Hay una reina en particular. Una tiara fue admirada por esa reina, y otra no."
4,conductor,YQA,yes,Quantifier,Every,animate,who,her,floutist,saw on the stage,needed to be,Cada flautista que su director vio en el escenario necesitaba estar en el foso de la orquesta.,"Los flautistas son supervisados por ciertos directores de orquesta. Algunos flautistas fueron vistos en el escenario por su director, y otros no."
4,conductor,YQI,yes,Quantifier,Every,inanimate,which,its,trumpet,saw on the stage,needed to be,Cada trompeta que su director vio en el escenario necesitaba estar en el foso de la orquesta.,"Las trompetas están en la orquesta de ciertos directores de orquesta. Algunas trompetas fueron vistas en el escenario por su director, y otras no."
4,conductor,YDA,yes,Definite,The,animate,who,her,floutist,saw on the stage,needed to be,La flautista que su director vio en el escenario necesitaba estar en el foso de la orquesta.,"Los flautistas son supervisados por ciertos directores de orquesta. Un flautista fue visto en el escenario por su director, y otro no."
4,conductor,YDI,yes,Definite,The,inanimate,which,its,trumpet,saw on the stage,needed to be,La trompeta que su director vio en el escenario necesitaba estar en el foso de la orquesta.,"Las trompetas están en la orquesta de ciertos directores de orquesta. Una trompeta fue vista en el escenario por su director, y otra no."
4,conductor,NQA,no,Quantifier,Every,animate,who,her,floutist,saw on the stage,needed to be,Cada flautista que el director vio en el escenario necesitaba estar en el foso de la orquesta.,"Hay un cierto director de orquesta. Algunos flautistas fueron vistos en el escenario por ese director, y otros no."
4,conductor,NQI,no,Quantifier,Every,inanimate,which,its,trumpet,saw on the stage,needed to be,Cada trompeta que el director vio en el escenario necesitaba estar en el foso de la orquesta.,"Hay un cierto director de orquesta. Algunas trompetas fueron vistas en el escenario por ese director, y otras no."
4,conductor,NDA,no,Definite,The,animate,who,her,floutist,saw on the stage,needed to be,La flautista que el director vio en el escenario necesitaba estar en el foso de la orquesta.,"Hay un cierto director de orquesta. Un flautista fue visto en el escenario por ese director, y otro no."
4,conductor,NDI,no,Definite,The,inanimate,which,its,trumpet,saw on the stage,needed to be,La trompeta que el director vio en el escenario necesitaba estar en el foso de la orquesta.,"Hay un cierto director de orquesta. Una trompeta fue vista en el escenario por ese director, y otra no."
5,artist,YQA,yes,Quantifier,Every,animate,who,her,model,painted on canvas,looked,Cada modelo que su artista pintó en lienzo lucía impresionante.,"Los modelos son emparejados con ciertos artistas. Algunas modelos fueron pintados en lienzo por su artista, y otros no."
5,artist,YQI,yes,Quantifier,Every,inanimate,which,its,pottery wheel,painted on canvas,looked,Cada retrato que su artista pintó en lienzo lucía impresionante.,"Los retratos son pintados por ciertos artistas. Algunas ruedas de alfarería fueron pintadas en lienzo por su artista, y otras no."
5,artist,YDA,yes,Definite,The,animate,who,her,model,painted on canvas,looked,La modelo que su artista pintó en lienzo lucía impresionante.,"Los modelos son emparejados con ciertos artistas. Un modelo fue pintado en lienzo por su artista, y otro no."
5,artist,YDI,yes,Definite,The,inanimate,which,its,pottery wheel,painted on canvas,looked,El retrato que su artista pintó en lienzo lucía impresionante.,"Los retratos son pintados por ciertos artistas. Una rueda de alfarería fue pintada en lienzo por su artista, y otra no."
5,artist,NQA,no,Quantifier,Every,animate,who,her,model,painted on canvas,looked,Cada modelo que el artista pintó en lienzo lucía impresionante.,"Hay un cierto artista. Algunos modelos fueron pintados en lienzo por ese artista, y otros no."
5,artist,NQI,no,Quantifier,Every,inanimate,which,its,pottery wheel,painted on canvas,looked,Cada retrato que el artista pintó en lienzo lucía impresionante.,"Hay un cierto artista. Algunas ruedas de alfarería fueron pintadas en lienzo por ese artista, y otras no."
5,artist,NDA,no,Definite,The,animate,who,her,model,painted on canvas,looked,La modelo que el artista pintó en lienzo lucía impresionante.,"Hay un cierto artista. Un modelo fue pintado en lienzo por ese artista, y otro no."
5,artist,NDI,no,Definite,The,inanimate,which,its,pottery wheel,painted on canvas,looked,El retrato que el artista pintó en lienzo lucía impresionante.,"Hay un cierto artista. Una rueda de alfarería fue pintada en lienzo por ese artista, y otra no."
6,supervisor,YQA,yes,Quantifier,Every,animate,who,her,police woman,observed,was up to,Cada mujer policía que su supervisor observaba en la comisaría estaba a la altura del trabajo.,"Las mujeres policía son emparejadas con ciertos supervisores. Algunas mujeres policía fueron observadas por su supervisor, y otras no."
6,supervisor,YQI,yes,Quantifier,Every,inanimate,which,its,computer,observed,was up to,Cada computadora que su supervisor observaba en la comisaría estaba a la altura del trabajo.,"Las computadoras son utilizadas por ciertos supervisores. Algunas computadoras fueron observadas por su supervisor, y otras no."
6,supervisor,YDA,yes,Definite,The,animate,who,her,police woman,observed,was up to,La mujer policía que su supervisor observó en la comisaría estaba a la altura del trabajo.,"Las mujeres policía son emparejadas con ciertos supervisores. Una mujer policía fue observada por su supervisor, y otra no."
6,supervisor,YDI,yes,Definite,The,inanimate,which,its,computer,observed,was up to,La computadora que su supervisor observó en la comisaría estaba a la altura del trabajo.,"Las computadoras son utilizadas por ciertos supervisores. Una computadora fue observada por su supervisor, y otra no."
6,supervisor,NQA,no,Quantifier,Every,animate,who,her,police woman,observed,was up to,Cada mujer policía que el supervisor observó en la comisaría estaba a la altura del trabajo.,"Hay un supervisor en particular. Algunas mujeres policía fueron observadas por ese supervisor, y otras no."
6,supervisor,NQI,no,Quantifier,Every,inanimate,which,its,computer,observed,was up to,Cada computadora que el supervisor observó en la comisaría estaba a la altura del trabajo.,"Hay un supervisor en particular. Algunas computadoras fueron observadas por ese supervisor, y otras no."
6,supervisor,NDA,no,Definite,The,animate,who,her,police woman,observed,was up to,La mujer policía que el supervisor observó en la comisaría estaba a la altura del trabajo.,"Hay un supervisor en particular. Una mujer policía fue observada por ese supervisor, y otra no."
6,supervisor,NDI,no,Definite,The,inanimate,which,its,computer,observed,was up to,La computadora que el supervisor observó en la comisaría estaba a la altura del trabajo.,"Hay un supervisor en particular. Una computadora fue observada por ese supervisor, y otra no."
7,doctor,YQA,yes,Quantifier,Every,animate,who,her,nurse,consulted at the clinic,offered,Cada enfermera a la que su médico consultó en la clínica ofreció una perspectiva valiosa.,"Las enfermeras trabajan para ciertos médicos. Algunas enfermeras fueron consultadas en la clínica por su médico, y otras no."
7,doctor,YQI,yes,Quantifier,Every,inanimate,which,its,lab test,consulted at the clinic,offered,Cada laboratorio que su médico consultó en la clínica ofreció información valiosa.,"Las pruebas de laboratorio son inspeccionadas por ciertos médicos. Algunas pruebas de laboratorio fueron consultadas en la clínica por su médico, y otras no."
7,doctor,YDA,yes,Definite,The,animate,who,her,nurse,consulted at the clinic,offered,La enfermera a la que su médico consultó en la clínica ofreció una perspectiva valiosa.,"Las enfermeras trabajan para ciertos médicos. Una enfermera fue consultada en la clínica por su médico, y otra no."
7,doctor,YDI,yes,Definite,The,inanimate,which,its,lab test,consulted at the clinic,offered,El laboratorio que su médico consultó en la clínica ofreció información valiosa.,"Las pruebas de laboratorio son inspeccionadas por ciertos médicos. Una prueba de laboratorio fue consultada en la clínica por su médico, y otra no."
7,doctor,NQA,no,Quantifier,Every,animate,who,her,nurse,consulted at the clinic,offered,Cada enfermera a la que el doctor consultó en la clínica ofreció una perspectiva valiosa.,"Hay un médico en particular. Algunas enfermeras fueron consultadas en la clínica por ese médico, y otras no."
7,doctor,NQI,no,Quantifier,Every,inanimate,which,its,lab test,consulted at the clinic,offered,Cada laboratorio que el doctor consultó en la clínica ofreció información valiosa.,"Hay un médico en particular. Algunas pruebas de laboratorio fueron consultadas en la clínica por ese médico, y otras no."
7,doctor,NDA,no,Definite,The,animate,who,her,nurse,consulted at the clinic,offered,La enfermera a la que el doctor consultó en la clínica ofreció una perspectiva valiosa.,"Hay un médico en particular. Una enfermera fue consultada en la clínica por ese médico, y otra no."
7,doctor,NDI,no,Definite,The,inanimate,which,its,lab test,consulted at the clinic,offered,El laboratorio que el doctor consultó en la clínica ofreció información valiosa.,"Hay un médico en particular. Una prueba de laboratorio fue consultada en la clínica por ese médico, y otra no."
8,travelagent,YQA,yes,Quantifier,Every,animate,who,her,tour guide,endorsed in a tweet,sold,Cada guía turístico que su agente de viajes respaldó en un tweet vendió todas sus entradas.,"Los guías turísticos son respaldados por ciertos agentes de viajes. Algunos guías turísticos fueron respaldados por su agente de viajes, otros no lo fueron."
8,travelagent,YQI,yes,Quantifier,Every,inanimate,which,its,tour bus,endorsed in a tweet,sold,Cada recorrido guiado que su agente de viajes respaldó en un tweet vendió todas sus entradas.,"Las visitas turísiticas son ofrecidas por ciertos agentes de viajes. Algunas visitas turísiticas fueron respaldadas por su agente de viajes, otras no lo fueron."
8,travelagent,YDA,yes,Definite,The,animate,who,her,tour guide,endorsed in a tweet,sold,La guía turística que su agente de viajes respaldó en un tweet vendió todas las entradas.,"Los guías turísticos son respaldados por ciertos agentes de viajes. Un guía turístico fue respaldado por su agente de viajes, otro no lo fue."
8,travelagent,YDI,yes,Definite,The,inanimate,which,its,tour bus,endorsed in a tweet,sold,La visita guiada que su agente de viajes respaldó en un tweet agotó todas las entradas.,"Las visitas turísiticas son ofrecidas por ciertos agentes de viajes. Una visita turísitica fue respaldada por su agente de viajes, otra no lo fue."
8,travelagent,NQA,no,Quantifier,Every,animate,who,her,tour guide,endorsed in a tweet,sold,Cada guía turístico que el agente de viajes respaldó en un tweet vendió todas las entradas.,"Hay un agente de viajes en particular. Algunos guías turísticos fueron respaldados por el agente de viajes, otros no lo fueron."
8,travelagent,NQI,no,Quantifier,Every,inanimate,which,its,tour bus,endorsed in a tweet,sold,Cada visita guiada que el agente de viajes respaldó en un tweet agotó todas las entradas.,"Hay un agente de viajes en particular. Algunas visitas turísticas fueron respaldadas por el agente de viajes, otras no lo fueron."
8,travelagent,NDA,no,Definite,The,animate,who,her,tour guide,endorsed in a tweet,sold,La guía turística que el agente de viajes respaldó en un tweet vendió todas las entradas.,"Hay un agente de viajes en particular. Un guía turístico fue respaldado por el agente de viajes, otro no lo fue."
8,travelagent,NDI,no,Definite,The,inanimate,which,its,tour bus,endorsed in a tweet,sold,La visita guiada que el agente de viajes respaldó en un tweet agotó todas las entradas.,"Hay un agente de viajes en particular. Una visita turística fue respaldada por el agente de viajes, otra no lo fue."
9,playwright,YQA,yes,Quantifier,Every,animate,who,her,director,addressed in the meeting,needed,Cada director a quien su dramaturga se dirigió en la reunión necesitaba considerable ayuda.,"Los directores trabajan con ciertos dramaturgos. Algunos directores fueron dirigidos por su dramaturgo, y otros no lo fueron."
9,playwright,YQI,yes,Quantifier,Every,inanimate,which,its,script,addressed in the meeting,needed,Cada guion que su dramaturga se enfocó en la reunión necesitaba considerable ayuda.,"Los guiones son escritos por ciertos dramaturgos. Algunos guiones fueron enfocados por su dramaturgo, y otros no lo fueron."
9,playwright,YDA,yes,Definite,The,animate,who,her,director,addressed in the meeting,needed,El director a quien su dramaturga se dirigió en la reunión necesitaba considerable ayuda.,"Los directores trabajan con ciertos dramaturgos. Un director fue dirigido por su dramaturgo, y otros no lo fueron."
9,playwright,YDI,yes,Definite,The,inanimate,which,its,script,addressed in the meeting,needed,El guion que su dramaturga se enfocó en la reunión necesitaba considerable ayuda.,"Los guiones son escritos por ciertos dramaturgos. Un guión fue enfocado por su dramaturgo, y otros no lo fueron."
9,playwright,NQA,no,Quantifier,Every,animate,who,her,director,addressed in the meeting,needed,Cada director a quien la dramaturga se dirigió en la reunión necesitaba considerable ayuda.,"Hay cierto dramaturgo. Algunos directores fueron dirigidos por el dramaturgo, y otros no."
9,playwright,NQI,no,Quantifier,Every,inanimate,which,its,script,addressed in the meeting,needed,Cada guion que la dramaturga se enfocó en la reunión necesitaba considerable ayuda.,"Hay un dramaturgo en particular. Algunos guiones fueron enfocados por el dramaturgo, y otros no."
9,playwright,NDA,no,Definite,The,animate,who,her,director,addressed in the meeting,needed,El director a quien la dramaturga se dirigió en la reunión necesitaba considerable ayuda.,"Hay un dramaturgo en particular. Un director fue dirigido por su dramaturgo, y otros no lo fueron."
9,playwright,NDI,no,Definite,The,inanimate,which,its,script,addressed in the meeting,needed,El guion que la dramaturga se enfocó en la reunión necesitaba considerable ayuda.,"Hay un dramaturgo en particular. Un guión fue enfocado por su dramaturgo, y otros no lo fueron."
10,professor,YQA,yes,Quantifier,Every,animate,who,her,student,presented,influenced,Cada estudiante que su profesor presentó ante la facultad influenció al decano.,"Los estudiantes tienen ciertos profesores. Algunos estudiantes fueron presentados ante la facultad por su profesor, y otros no lo fueron."
10,professor,YQI,yes,Quantifier,Every,inanimate,which,its,manuscript,presented,influenced,Cada manuscrito que su profesor presentó ante la facultad influenció al decano.,"Los manuscritos son escritos por ciertos profesores. Algunos manuscritos fueron presentados ante la facultad por su profesor, y otros no lo fueron."
10,professor,YDA,yes,Definite,The,animate,who,her,student,presented,influenced,La estudiante a quien su profesor presentó ante la facultad influenció al decano.,"Los estudiantes tienen ciertos profesores. Un estudiante fue presentado ante la facultad por su profesor, y otro no lo fue."
10,professor,YDI,yes,Definite,The,inanimate,which,its,manuscript,presented,influenced,El manuscrito que su profesor presentó ante la facultad influenció al decano.,"Los manuscritos son escritos por ciertos profesores. Un manuscrito fue presentado ante la facultad por su profesor, y otro no lo fue."
10,professor,NQA,no,Quantifier,Every,animate,who,her,student,presented,influenced,Cada estudiante que el profesor presentó ante la facultad influenció al decano.,"Hay un cierto profesor. Algunos estudiantes fueron presentados ante la facultad por el profesor, y otros no lo fueron."
10,professor,NQI,no,Quantifier,Every,inanimate,which,its,manuscript,presented,influenced,Cada manuscrito que el profesor presentó ante la facultad influenció al decano.,"Hay un cierto profesor. Algunos manuscritos fueron presentados ante la facultad por el profesor, y otros no lo fueron."
10,professor,NDA,no,Definite,The,animate,who,her,student,presented,influenced,El estudiante que el profesor presentó ante la facultad influenció al decano.,"Hay un cierto profesor. Un estudiante fue presentado ante la facultad por el profesor, y otro no lo fue."
10,professor,NDI,no,Definite,The,inanimate,which,its,manuscript,presented,influenced,El manuscrito que el profesor presentó ante la facultad influenció al decano.,"Hay un cierto profesor. Un manuscrito fue presentado ante la facultad por el profesor, y otro no lo fue."
11,scientist,YQA,yes,Quantifier,Every,animate,who,her,study participant,tested in the lab,showed,Cada participante en el estudio a quien su científico examinó en el laboratorio mostró resultados interesantes.,"Los participantes en el estudio son supervisados por ciertos científicos. Algunos participantes fueron evaluados en el laboratorio por su científico, y otros no lo fueron."
11,scientist,YQI,yes,Quantifier,Every,inanimate,which,its,soil sample,tested in the lab,showed,Cada muestra de suelo que su científico examinó en el laboratorio mostró resultados interesantes.,"Las muestras de suelo son inspeccionadas por ciertos científicos. Algunas muestras de suelo fueron analizadas en el laboratorio por su científico, y otras no lo fueron."
11,scientist,YDA,yes,Definite,The,animate,who,her,study participant,tested in the lab,showed,El participante en el estudio a quien su científico examinó en el laboratorio mostró resultados interesantes.,"Los participantes en el estudio son supervisados por ciertos científicos. Una participante en el estudio fue evaluada en el laboratorio por su científico, y otra no lo fue."
11,scientist,YDI,yes,Definite,The,inanimate,which,its,soil sample,tested in the lab,showed,La muestra de suelo que su científico examinó en el laboratorio mostró resultados interesantes.,"Las muestras de suelo son inspeccionadas por ciertos científicos. Una muestra de suelo fue analizada en el laboratorio por su científico, y otra no lo fue."
11,scientist,NQA,no,Quantifier,Every,animate,who,her,study participant,tested in the lab,showed,Cada participante en el estudio que el científico examinó en el laboratorio mostró resultados interesantes.,"Hay un científico en particular. Algunos participantes en el estudio fueron evaluados en el laboratorio por ese científico, y otros no lo fueron."
11,scientist,NQI,no,Quantifier,Every,inanimate,which,its,soil sample,tested in the lab,showed,Cada muestra de suelo que el científico examinó en el laboratorio mostró resultados interesantes.,"Hay un científico en particular. Algunas muestras de suelo fueron analizadas en el laboratorio por ese científico, y otras no lo fueron."
11,scientist,NDA,no,Definite,The,animate,who,her,study participant,tested in the lab,showed,El participante en el estudio que el científico examinó en el laboratorio mostró resultados interesantes.,"Hay un científico en particular. Un participante en el estudio fue evaluado en el laboratorio por ese científico, y otro no lo fue."
11,scientist,NDI,no,Definite,The,inanimate,which,its,soil sample,tested in the lab,showed,La muestra de suelo que el científico examinó en el laboratorio mostró resultados interesantes.,"Hay un científico en particular. Una muestra de suelo fue analizada en el laboratorio por ese científico, y otra no lo fue."
12,chef,YQA,yes,Quantifier,Every,animate,who,her,lunch lady,recommended,delighted,Cada cocinera a quien su chef recomendaba con entusiasmo deleitaba a los estudiantes.,"Las encargadas del almuerzo están emparejadas con los chefs. Algunas encargadas del almuerzo fueron recomendadas por su chef, y otras no lo fueron."
12,chef,YQI,yes,Quantifier,Every,inanimate,which,its,school lunch,recommended,delighted,Cada almuerzo escolar que su chef recomendaba con entusiasmo deleitaba a los estudiantes.,"Los almuerzos escolares son preparados por ciertos chefs. Algunos almuerzos escolares fueron recomendados por su chef, y otros no lo fueron."
12,chef,YDA,yes,Definite,The,animate,who,her,lunch lady,recommended,delighted,La cocinera a quien su chef recomendaba con entusiasmo deleitaba a los estudiantes.,"Las encargadas del almuerzo están emparejadas con los chefs. Una encargada del almuerzo fue recomendada por su chef, y otra no lo fue."
12,chef,YDI,yes,Definite,The,inanimate,which,its,school lunch,recommended,delighted,El almuerzo escolar que el chef recomendó con entusiasmo deleitó a los estudiantes.,"Los almuerzos escolares son preparados por ciertos chefs. Un almuerzo escolar fue recomendado por su chef, y otro no lo fue."
12,chef,NQA,no,Quantifier,Every,animate,who,her,lunch lady,recommended,delighted,Cada mujer de la cocina a la que el chef recomendó con entusiasmo deleitó a los estudiantes.,"Hay un chef en particular. Algunas encargadas del almuerzo fueron recomendadas por ese chef, y otras no lo fueron."
12,chef,NQI,no,Quantifier,Every,inanimate,which,its,school lunch,recommended,delighted,Cada almuerzo escolar que el chef recomendó con entusiasmo deleitó a los estudiantes.,"Hay un cierto chef. Algunos almuerzos escolares fueron recomendados por ese chef, y otros no lo fueron."
12,chef,NDA,no,Definite,The,animate,who,her,lunch lady,recommended,delighted,La señora del almuerzo a quien el chef recomendó con entusiasmo deleitó a los estudiantes.,"Hay un cierto chef. Una de las señoras de los almuerzos fue recomendada por ese chef, y otra no lo fue."
12,chef,NDI,no,Definite,The,inanimate,which,its,school lunch,recommended,delighted,El almuerzo escolar que el chef recomendó con entusiasmo deleitó a los estudiantes.,"Hay un chef en particular. Un almuerzo escolar fue recomendado por ese chef, y otro no lo fue."
13,priest,YQA,yes,Quantifier,Every,animate,who,her,nun,promoted,was an inspiration,Cada monja a quien su sacerdote promovió fue una inspiración para muchas personas.,Las monjas están emparejadas con ciertos sacerdotes. Algunas monjas fueron promovidas por su sacerdote y otras no lo fueron.
13,priest,YQI,yes,Quantifier,Every,inanimate,which,its,sermon,promoted,was an inspiration,Cada sermón que su sacerdote promovió fue una inspiración para muchas personas.,"Los sermones son impartidos por ciertos sacerdotes. Algunos sermones fueron promovidos por su sacerdote, y otros no lo fueron."
13,priest,YDA,yes,Definite,The,animate,who,her,nun,promoted,was an inspiration,La monja a quien su sacerdote promovió fue una inspiración para muchas personas.,"Las monjas están emparejadas con ciertos sacerdotes. Una monja fue promovida por su sacerdote, y otra no lo fue."
13,priest,YDI,yes,Definite,The,inanimate,which,its,sermon,promoted,was an inspiration,El sermón que su sacerdote promovió fue una inspiración para muchas personas.,"Los sermones son impartidos por ciertos sacerdotes. Un sermón fue promovido por su sacerdote, y otro no lo fue."
13,priest,NQA,no,Quantifier,Every,animate,who,her,nun,promoted,was an inspiration,Cada monja a quien el sacerdote promovió fue una inspiración para muchas personas.,Hay un sacerdote en particular. Algunas monjas fueron promovidas por ese sacerdote y otras no lo fueron.
13,priest,NQI,no,Quantifier,Every,inanimate,which,its,sermon,promoted,was an inspiration,Cada sermón que el sacerdote promovió fue una inspiración para muchas personas.,"Hay un sacerdote en particular. Algunos sermones fueron promovidos por ese sacerdote, y otros no lo fueron."
13,priest,NDA,no,Definite,The,animate,who,her,nun,promoted,was an inspiration,La monja a quien el sacerdote promovió fue una inspiración para muchas personas.,"Hay un cierto sacerdote. Una monja fue promovida por ese sacerdote, y otra no lo fue."
13,priest,NDI,no,Definite,The,inanimate,which,its,sermon,promoted,was an inspiration,El sermón que el sacerdote promovió fue una inspiración para muchas personas.,"Hay un sacerdote en particular. Un sermón fue promovido por ese sacerdote, y otro no lo fue."
14,bartender,YQA,yes,Quantifier,Every,animate,who,her,waitress,praised on Friday,impressed,Cada mesera a quien su bartender felicitó el viernes impresionó a los clientes.,"Las camareras trabajan con ciertos bartenders. Algunas camareras fueron felicitadas por su bartender el viernes, y otras no lo fueron."
14,bartender,YQI,yes,Quantifier,Every,inanimate,which,its,cocktail,praised on Friday,impressed,Cada cóctel que su bartender elogió el viernes impresionó a los clientes.,"Los cócteles son preparados por ciertos bartenders. Algunos cócteles fueron elogiados por su bartender el viernes, y otros no lo fueron."
14,bartender,YDA,yes,Definite,The,animate,who,her,waitress,praised on Friday,impressed,La camarera a quien su bartender felicitó el viernes impresionó a los clientes.,"Las camareras trabajan con ciertos bartenders. Una camarera fue felicitada por su bartender el viernes, y otra no lo fue."
14,bartender,YDI,yes,Definite,The,inanimate,which,its,cocktail,praised on Friday,impressed,El cóctel que su bartender elogió el viernes impresionó a los clientes.,"Los cócteles son preparados por ciertos bartenders. Un cóctel fue elogiado por su bartender el viernes, y otro no lo fue."
14,bartender,NQA,no,Quantifier,Every,animate,who,her,waitress,praised on Friday,impressed,Cada camarera a quien el bartender felicitó el viernes impresionó a los clientes.,"Hay un cierto bartender. Algunas camareras fueron felicitadas por ese bartender el viernes, y otras no lo fueron."
14,bartender,NQI,no,Quantifier,Every,inanimate,which,its,cocktail,praised on Friday,impressed,Cada cóctel que el bartender elogió el viernes impresionó a los clientes.,"Hay un cierto bartender. Algunos cócteles fueron elogiados por ese bartender el viernes, y otros no lo fueron."
14,bartender,NDA,no,Definite,The,animate,who,her,waitress,praised on Friday,impressed,La camarera a quien el bartender felicitó el viernes impresionó a los clientes.,"Hay un cierto bartender. Una camarera fue felicitada por ese bartender el viernes, y otra no lo fue."
14,bartender,NDI,no,Definite,The,inanimate,which,its,cocktail,praised on Friday,impressed,El cóctel que el bartender elogió el viernes impresionó a los clientes.,"Hay un cierto bartender. Un cóctel fue elogiado por ese bartender el viernes, y otro no lo fue."
15,patient,YQA,yes,Quantifier,Every,animate,who,her,midwife,requested,was helpful,Cada partera a quien su paciente solicitó fue útil para aliviar algo del dolor.,"Las parteras están asignadas a ciertas pacientes. Algunas parteras fueron solicitadas por su paciente, y otras no lo fueron."
15,patient,YQI,yes,Quantifier,Every,inanimate,which,its,treatment,requested,was helpful,Cada tratamiento que su paciente solicitó fue útil para aliviar algo del dolor.,"Los tratamientos se administran a ciertos pacientes. Algunos tratamientos fueron solicitados por su paciente, y otros no lo fueron."
15,patient,YDA,yes,Definite,The,animate,who,her,midwife,requested,was helpful,La partera que su paciente solicitó fue útil para aliviar algo del dolor.,"Las parteras están emparejadas con ciertas pacientes. Una partera fue solicitada por su paciente, y otra no lo fue."
15,patient,YDI,yes,Definite,The,inanimate,which,its,treatment,requested,was helpful,El tratamiento que su paciente solicitó fue útil para aliviar algo del dolor.,"Los tratamientos se administran a ciertos pacientes. Un tratamiento fue solicitado por su paciente, y otro no lo fue."
15,patient,NQA,no,Quantifier,Every,animate,who,her,midwife,requested,was helpful,Cada partera que el paciente solicitó fue útil para aliviar algo del dolor.,"Hay una cierta paciente. Algunas parteras fueron solicitadas por esa paciente, y otras no lo fueron."
15,patient,NQI,no,Quantifier,Every,inanimate,which,its,treatment,requested,was helpful,Cada tratamiento que el paciente solicitó fue útil para aliviar algo del dolor.,"Hay una cierta paciente. Algunos tratamientos fueron solicitados por esa paciente, y otros no lo fueron."
15,patient,NDA,no,Definite,The,animate,who,her,midwife,requested,was helpful,La partera que el paciente solicitó fue útil para aliviar algo del dolor.,"Hay una cierta paciente. Una partera fue solicitada por esa paciente, y otra no lo fue."
15,patient,NDI,no,Definite,The,inanimate,which,its,treatment,requested,was helpful,El tratamiento que el paciente solicitó fue útil para aliviar algo del dolor.,"Hay una cierta paciente. Un tratamiento fue solicitado por esa paciente, y otro no lo fue."
16,groom,YQA,yes,Quantifier,Every,animate,who,her,bride,brought to the altar,wowed,Cada novia a quien su novio llevó al altar dejó impresionada a la audiencia.,"Las novias serán casadas con ciertos novios. Algunas novias fueron llevadas al altar por su novio, y otras no."
16,groom,YQI,yes,Quantifier,Every,inanimate,which,its,vow,brought to the altar,wowed,Cada promesa que su novio llevó al altar dejó impresionada a la audiencia.,"Las promesas son dadas por ciertos novios. Algunas promesas fueron llevadas al altar por su novio, y otras no."
16,groom,YDA,yes,Definite,The,animate,who,her,bride,brought to the altar,wowed,La novia a quien su novio llevó al altar dejó impresionada a la audiencia.,"Las novias serán casadas con ciertos novios. Una novia fue llevada al altar por su novio, y otra no."
16,groom,YDI,yes,Definite,The,inanimate,which,its,vow,brought to the altar,wowed,El juramento que su novio llevó al altar dejó impresionada a la audiencia.,"Las promesas son dadas por ciertos novios. Una promesa fue llevada al altar por su novio, y otra no."
16,groom,NQA,no,Quantifier,Every,animate,who,her,bride,brought to the altar,wowed,Cada novia que el novio llevó al altar dejó impresionada a la audiencia.,"Hay un cierto novio. Algunas novias fueron llevadas al altar por ese novio, y otras no."
16,groom,NQI,no,Quantifier,Every,inanimate,which,its,vow,brought to the altar,wowed,Cada juramento que el novio llevó al altar dejó impresionada a la audiencia.,"Hay un cierto novio. Algunas promesas fueron llevados al altar por ese novio, y otras no."
16,groom,NDA,no,Definite,The,animate,who,her,bride,brought to the altar,wowed,La novia que el novio llevó al altar impresionó a la audiencia.,"Hay un cierto novio. Una novia fue llevada al altar por ese novio, y otra no lo fue."
16,groom,NDI,no,Definite,The,inanimate,which,its,vow,brought to the altar,wowed,El juramento que el novio llevó al altar impresionó a la audiencia.,"Hay un cierto novio. Una promesa fue llevada al altar por ese novio, y otra no lo fue."
17,troopleader,YQA,yes,Quantifier,Every,animate,who,her,girl scout,introduced to the parents,became,Cada girl scout que su líder de tropa presentó a los padres se volvió ampliamente popular.,"Las Girl Scouts están emparejadas con ciertos líderes de tropa. Algunas Girl Scouts fueron presentadas a los padres por su líder de tropa, y otras no."
17,troopleader,YQI,yes,Quantifier,Every,inanimate,which,its,camping trip,introduced to the parents,became,Cada viaje de campamento que su líder de tropa presentó a los padres se volvió ampliamente popular.,"Los viajes de campamento son supervisados por ciertos líderes de tropa. Algunos viajes de campamento fueron presentados a los padres por su líder de tropa, y otros no."
17,troopleader,YDA,yes,Definite,The,animate,who,her,girl scout,introduced to the parents,became,La girl scout que su líder de tropa presentó a los padres se volvió ampliamente popular.,"Las Girl Scouts están emparejadas con ciertos líderes de tropa. Una Girl Scout fue presentada a los padres por su líder de tropa, y otra no lo fue."
17,troopleader,YDI,yes,Definite,The,inanimate,which,its,camping trip,introduced to the parents,became,El viaje de campamento que su líder de tropa presentó a los padres se volvió ampliamente popular.,"Los viajes de campamento son supervisados por ciertos líderes de tropa. Un viaje de campamento fue presentado a los padres por su líder de tropa, y otro no lo fue."
17,troopleader,NQA,no,Quantifier,Every,animate,who,her,girl scout,introduced to the parents,became,Cada girl scout que el líder de la tropa presentó a los padres se volvió ampliamente popular.,"Hay un cierto líder de tropa. Algunas Girl Scouts fueron presentadas a los padres por ese líder de tropa, y otras no."
17,troopleader,NQI,no,Quantifier,Every,inanimate,which,its,camping trip,introduced to the parents,became,Cada viaje de campamento que el líder de la tropa presentó a los padres se volvió ampliamente popular.,"Hay un cierto líder de tropa. Algunos viajes de campamento fueron presentados a los padres por ese líder de tropa, y otros no."
17,troopleader,NDA,no,Definite,The,animate,who,her,girl scout,introduced to the parents,became,La girl scout que el líder de la tropa presentó a los padres se volvió ampliamente popular.,"Hay un cierto líder de tropa. Una Girl Scout fue presentada a los padres por ese líder de tropa, y otra no."
17,troopleader,NDI,no,Definite,The,inanimate,which,its,camping trip,introduced to the parents,became,El viaje de campamento que el líder de la tropa presentó a los padres se volvió ampliamente popular.,"Hay un cierto líder de tropa. Un viaje de campamento fue presentado a los padres por ese líder de tropa, y otro no."
18,CEO,YQA,yes,Quantifier,Every,animate,who,her,secretary,remembered,impressed,Cada secretaria que su CEO recordaba bien impresionaba a la junta de administradores.,"Las secretarias sirven a ciertos directores ejecutivos. Algunas secretarias fueron recordadas por su CEO, y otras no."
18,CEO,YQI,yes,Quantifier,Every,inanimate,which,its,contract,remembered,impressed,Cada contrato que su CEO recordaba bien impresionaba a la junta de administradores..,"Los contratos son redactados por ciertos directores ejecutivos. Algunos contratos fueron recordados por su CEO, y otros no."
18,CEO,YDA,yes,Definite,The,animate,who,her,secretary,remembered,impressed,La secretaria que su CEO recordaba bien impresionó a la junta de administradores.,"Las secretarias sirven a ciertos directores ejecutivos. Una secretaria fue recordada por su CEO, y otra no."
18,CEO,YDI,yes,Definite,The,inanimate,which,its,contract,remembered,impressed,El contrato que su CEO recordaba bien impresionó a la junta de administradores.,"Los contratos son redactados por ciertos directores ejecutivos. Un contrato fue recordado por su CEO, y otro no."
18,CEO,NQA,no,Quantifier,Every,animate,who,her,secretary,remembered,impressed,Cada secretaria que el CEO recordaba bien impresionaba a la junta de administradores.,"Hay un cierto CEO. Algunas secretarias fueron recordadas por ese CEO, y otras no."
18,CEO,NQI,no,Quantifier,Every,inanimate,which,its,contract,remembered,impressed,Cada contrato que el CEO recordaba bien impresionaba a la junta de administradores.,"Hay un cierto CEO. Algunos contratos fueron recordados por ese CEO, y otros no."
18,CEO,NDA,no,Definite,The,animate,who,her,secretary,remembered,impressed,La secretaria que el CEO recordaba bien impresionó a la junta de administradores.,"Hay un CEO en particular. Una secretaria fue recordada por ese CEO, y otra no."
18,CEO,NDI,no,Definite,The,inanimate,which,its,contract,remembered,impressed,El contrato que el CEO recordaba bien impresionó a la junta de administradores.,"Hay un CEO en particular. Un contrato fue recordado por ese CEO, y otro no."
19,dentist,YQA,yes,Quantifier,Every,animate,who,her,assistant,selected,stressed,Cada asistente que su dentista seleccionaba para ayudar con el procedimiento estresaba al paciente.,"Los asistentes sirven a ciertos dentistas. Algunos asistentes fueron seleccionados por su dentista, y otros no."
19,dentist,YQI,yes,Quantifier,Every,inanimate,which,its,tool,selected,stressed,Cada herramienta que su dentista seleccionaba para ayudar con el procedimiento estresaba al paciente.,"Los dentistas utilizan ciertas herramientas. Algunas herramientas fueron seleccionadas por su dentista, y otras no."
19,dentist,YDA,yes,Definite,The,animate,who,her,assistant,selected,stressed,La asistente que su dentista seleccionó para ayudar con el procedimiento estresó al paciente.,"Los asistentes sirven a ciertos dentistas. Una asistente fue seleccionada por su dentista, y otra no lo fue."
19,dentist,YDI,yes,Definite,The,inanimate,which,its,tool,selected,stressed,La herramienta que su dentista seleccionó para ayudar con el procedimiento estresó al paciente.,"Los dentistas utilizan ciertas herramientas. Una herramienta fue seleccionada por su dentista, y otra no lo fue."
19,dentist,NQA,no,Quantifier,Every,animate,who,her,assistant,selected,stressed,Cada asistente que el dentista seleccionó para ayudar con el procedimiento estresó al paciente.,"Hay un cierto dentista. Algunas asistentes fueron seleccionadas por ese dentista, y otras no."
19,dentist,NQI,no,Quantifier,Every,inanimate,which,its,tool,selected,stressed,Cada herramienta que el dentista seleccionó para ayudar con el procedimiento estresó al paciente.,"Hay un cierto dentista. Algunas herramientas fueron seleccionadas por ese dentista, y otras no."
19,dentist,NDA,no,Definite,The,animate,who,her,assistant,selected,stressed,La asistente que el dentista seleccionó para ayudar con el procedimiento estresó al paciente.,"Hay un dentista en particular. Una asistente fue seleccionada por ese dentista, y otra no lo fue."
19,dentist,NDI,no,Definite,The,inanimate,which,its,tool,selected,stressed,La herramienta que el dentista seleccionó para ayudar con el procedimiento estresó al paciente.,"Hay un cierto dentista. Una herramienta fue seleccionada por ese dentista, y otra no lo fue."
20,nutritionist,YQA,yes,Quantifier,Every,animate,who,her,influencer,denounced in a blogpost,gained,Cada influencer que su nutricionista denunció en una publicación de blog ganó un seguimiento de seguidores fieles.,"Los influenciers están emparejados con ciertos nutricionistas. Algunos influenciers fueron denunciados en una publicación de blog por su nutricionista, y otros no."
20,nutritionist,YQI,yes,Quantifier,Every,inanimate,which,its,mealkit,denounced in a blogpost,gained,Cada kit de comida que su nutricionista denunciaba en una publicación de blog ganaba un seguimiento de seguidores fieles.,"Los kits de comida están emparejados con ciertos nutricionistas. Algunos kits de comida fueron denunciados en una publicación de blog por su nutricionista, y otros no."
20,nutritionist,YDA,yes,Definite,The,animate,who,her,influencer,denounced in a blogpost,gained,La influencer a quien su nutricionista denunció en una publicación de blog ganó un seguimiento un seguimiento de seguidores fieles.,"Los influencers están emparejados con ciertos nutricionistas. Una influencer fue denunciada en una publicación de blog por su nutricionista, y otra no."
20,nutritionist,YDI,yes,Definite,The,inanimate,which,its,mealkit,denounced in a blogpost,gained,El kit de comida que su nutricionista denunció en una publicación de blog ganó un seguimiento de seguidores fieles.,"Los kits de comida están emparejados con ciertos nutricionistas. Un kit de comida fue denunciado en una publicación de blog por su nutricionista, y otro no."
20,nutritionist,NQA,no,Quantifier,Every,animate,who,her,influencer,denounced in a blogpost,gained,Cada influencer que el nutricionista denunció en una publicación de blog ganó un seguimiento un seguimiento de seguidores fieles.,"Hay un cierto nutricionista. Algunos influencers fueron denunciados en una publicación de blog por ese nutricionista, y otros no."
20,nutritionist,NQI,no,Quantifier,Every,inanimate,which,its,mealkit,denounced in a blogpost,gained,Cada kit de comida que el nutricionista denunció en una publicación de blog ganó un seguimiento un seguimiento de seguidores fieles.,"Hay un cierto nutricionista. Algunos kits de comida fueron denunciados en una publicación de blog por ese nutricionista, y otros no."
20,nutritionist,NDA,no,Definite,The,animate,who,her,influencer,denounced in a blogpost,gained,El influencer que el nutricionista denunció en una publicación de blog ganó un seguimiento de seguidores fieles.,"Hay un cierto nutricionista. Una influencer fue denunciada en una publicación de blog por ese nutricionista, y otra no."
20,nutritionist,NDI,no,Definite,The,inanimate,which,its,mealkit,denounced in a blogpost,gained,El kit de comida que el nutricionista denunció en una publicación de blog ganó un seguimiento de seguidores fieles.,"Hay un cierto nutricionista. Un kit de comida fue denunciado en una publicación de blog por ese nutricionista, y otro no."
21,choreographer,YQA,yes,Quantifier,Every,animate,who,her,ballerina,discussed at the party,never had,Cada bailarina de la que su coreógrafo habló en la fiesta nunca tuvo un debut.,"Las bailarinas son ayudadas por ciertos coreógrafos. Algunas bailarinas fueron discutidas en la fiesta por su coreógrafo, y otras no."
21,choreographer,YQI,yes,Quantifier,Every,inanimate,which,its,ballet,discussed at the party,never had,Cada ballet del que su coreógrafo habló en la fiesta nunca tuvo un debut.,"Los ballets son estudiados por ciertos coreógrafos. Algunos ballets fueron discutidos en la fiesta por su coreógrafo, y otros no."
21,choreographer,YDA,yes,Definite,The,animate,who,her,ballerina,discussed at the party,never had,La bailarina de la que su coreógrafo habló en la fiesta nunca tuvo un debut.,"Las bailarinas son ayudadas por ciertos coreógrafos. Una bailarina fue discutida en la fiesta por su coreógrafo, y otra no."
21,choreographer,YDI,yes,Definite,The,inanimate,which,its,ballet,discussed at the party,never had,El ballet del que su coreógrafo habló en la fiesta nunca tuvo un debut.,"Los ballets son estudiados por ciertos coreógrafos. Un ballet fue discutido en la fiesta por su coreógrafo, y otro no."
21,choreographer,NQA,no,Quantifier,Every,animate,who,her,ballerina,discussed at the party,never had,Cada bailarina de la que el coreógrafo habló en la fiesta nunca tuvo un debut.,"Hay un cierto coreógrafo. Algunas bailarinas fueron discutidas en la fiesta por ese coreógrafo, y otras no."
21,choreographer,NQI,no,Quantifier,Every,inanimate,which,its,ballet,discussed at the party,never had,Cada ballet del que el coreógrafo habló en la fiesta nunca tuvo un debut.,"Hay un cierto coreógrafo. Algunos ballets fueron discutidos en la fiesta por ese coreógrafo, y otros no."
21,choreographer,NDA,no,Definite,The,animate,who,her,ballerina,discussed at the party,never had,La bailarina de la que el coreógrafo habló en la fiesta nunca tuvo un debut.,"Hay un cierto coreógrafo. Una bailarina fue discutida en la fiesta por ese coreógrafo, y otra no."
21,choreographer,NDI,no,Definite,The,inanimate,which,its,ballet,discussed at the party,never had,El ballet que el coreógrafo discutió en la fiesta nunca tuvo un debut.,"Hay un cierto coreógrafo. Un ballet fue discutido en la fiesta por ese coreógrafo, y otro no."
22,stylist,YQA,yes,Quantifier,Every,animate,who,her,hair dresser,complimented enthusiastically,provided,Cada peluquero que su estilista felicitó entusiastamente proporcionó servicios de coloración de primera línea.,"Los peluqueros están emparejados con ciertos estilistas. Algunos peluqueros fueron felicitados entusiastamente por su estilista, y otros no."
22,stylist,YQI,yes,Quantifier,Every,inanimate,which,its,hair salon,complimented enthusiastically,provided,Cada salón de belleza que su estilista elogió entusiastamente proporcionó servicios de coloración de primera línea.,"Los salones de belleza son propiedad de ciertos estilistas. Algunos salones de belleza fueron elogiados entusiastamente por su estilista, y otros no."
22,stylist,YDA,yes,Definite,The,animate,who,her,hair dresser,complimented enthusiastically,provided,La peluquera a quien su estilista felicitó entusiastamente proporcionó servicios de coloración de primera línea.,"Los peluqueros están emparejados con ciertos estilistas. Una peluquera fue felicitada entusiastamente por su estilista, y otra no."
22,stylist,YDI,yes,Definite,The,inanimate,which,its,hair salon,complimented enthusiastically,provided,El salón de belleza que su estilista elogió entusiastamente proporcionó servicios de coloración de primera línea.,"Los salones de belleza son propiedad de ciertos estilistas. Un salón de belleza fue elogiado entusiastamente por su estilista, y otro no."
22,stylist,NQA,no,Quantifier,Every,animate,who,her,hair dresser,complimented enthusiastically,provided,Cada peluquero a quien el estilista elogió entusiastamente proporcionó servicios de coloración de primera línea.,"Hay un cierto estilista. Algunos peluqueros fueron felicitados entusiastamente por ese estilista, y otros no."
22,stylist,NQI,no,Quantifier,Every,inanimate,which,its,hair salon,complimented enthusiastically,provided,Cada salón de belleza al que el estilista elogió entusiastamente proporcionó servicios de coloración de primera línea.,"Hay un cierto estilista. Algunos salones de belleza fueron elogiados entusiastamente por ese estilista, y otros no."
22,stylist,NDA,no,Definite,The,animate,who,her,hair dresser,complimented enthusiastically,provided,La peluquera a quien el estilista elogió entusiastamente proporcionó servicios de coloración de primera línea.,"Hay un estilista en particular. Un peluquero fue felicitado entusiastamente por ese estilista, y otro no."
22,stylist,NDI,no,Definite,The,inanimate,which,its,hair salon,complimented enthusiastically,provided,El salón de belleza al que el estilista elogió entusiastamente proporcionó servicios de coloración de primera línea.,"Hay un estilista en particular. Un salón de belleza fue elogiado entusiastamente por ese estilista, y otro no."
23,fan,YQA,yes,Quantifier,Every,animate,who,her,actress,lauded on Twitter,was nominated ,Cada actriz que su fanático número uno alabó en Twitter fue nominada para un premio.,"Las actrices tienen ciertos fanáticos número uno. Algunas actrices fueron elogiadas en Twitter por su fanático, y otras no."
23,fan,YQI,yes,Quantifier,Every,inanimate,which,its,performance,lauded on Twitter,was nominated ,Cada actuación que su fanático número uno alabó en Twitter fue nominada para un premio.,"Las actuaciones tienen ciertos fanáticos número uno. Algunas actuaciones fueron elogiadas en Twitter por su fanático, y otras no."
23,fan,YDA,yes,Definite,The,animate,who,her,actress,lauded on Twitter,was nominated ,La actriz a quien su fanático número uno alabó en Twitter fue nominada para un premio.,"Las actrices tienen ciertos fanáticos número uno. Una actriz fue elogiada en Twitter por su fanático, y otra no."
23,fan,YDI,yes,Definite,The,inanimate,which,its,performance,lauded on Twitter,was nominated ,La actuación que su fanático número uno alabó en Twitter fue nominada para un premio.,"Las actuaciones tienen ciertos fanáticos número uno. Una actuación fue elogiada en Twitter por su fanático, y otra no."
23,fan,NQA,no,Quantifier,Every,animate,who,her,actress,lauded on Twitter,was nominated ,Cada actriz que el fanático número uno alabó en Twitter fue nominada para un premio.,"Hay un cierto fanático número uno. Algunas actrices fueron elogiadas en Twitter por ese fanático, y otras no."
23,fan,NQI,no,Quantifier,Every,inanimate,which,its,performance,lauded on Twitter,was nominated ,Cada actuación que el fanático número uno alabó en Twitter fue nominada para un premio.,"Hay un cierto fanático número uno. Algunas actuaciones fueron elogiadas en Twitter por ese fanático, y otras no."
23,fan,NDA,no,Definite,The,animate,who,her,actress,lauded on Twitter,was nominated ,La actriz a quien el fanático número uno alabó en Twitter fue nominada para un premio.,"Hay un cierto fanático número uno. Una actriz fue elogiada en Twitter por ese fanático, y otra no."
23,fan,NDI,no,Definite,The,inanimate,which,its,performance,lauded on Twitter,was nominated ,La actuación que el fanático número uno alabó en Twitter fue nominada para un premio.,"Hay un cierto fanático número uno. Una actuación fue elogiada en Twitter por ese fanático, y otra no."
24,coach,YQA,yes,Quantifier,Every,animate,who,her,gymnast,criticized,failed to qualify,Cada gimnasta a quien su entrenador criticó no logró clasificar para nacionales.,"Las gimnastas son instruidas por ciertos entrenadores. Algunas gimnastas fueron criticadas por su entrenador, y otras no."
24,coach,YQI,yes,Quantifier,Every,inanimate,which,its,routine,criticized,failed to qualify,Cada rutina que su entrenador criticó no logró calificar para nacionales.,"Las rutinas son supervisadas por ciertos entrenadores. Algunas rutinas fueron criticadas por su entrenador, y otras no."
24,coach,YDA,yes,Definite,The,animate,who,her,gymnast,criticized,failed to qualify,La gimnasta a quien su entrenador criticó no logró calificar para nacionales.,"Las gimnastas son instruidas por ciertos entrenadores. Una gimnasta fue criticada por su entrenador, y otra no."
24,coach,YDI,yes,Definite,The,inanimate,which,its,routine,criticized,failed to qualify,La rutina que su entrenador criticó no logró calificar para nacionales.,"Las rutinas son supervisadas por ciertos entrenadores. Una rutina fue criticada por su entrenador, y otra no."
24,coach,NQA,no,Quantifier,Every,animate,who,her,gymnast,criticized,failed to qualify,Cada gimnasta que el entrenador criticó no logró calificar para nacionales.,"Hay un cierto entrenador. Algunas gimnastas fueron criticadas por ese entrenador, y otras no."
24,coach,NQI,no,Quantifier,Every,inanimate,which,its,routine,criticized,failed to qualify,Cada rutina que el entrenador criticó no logró calificar para nacionales.,"Hay un cierto entrenador. Algunas rutinas fueron criticadas por ese entrenador, y otras no."
24,coach,NDA,no,Definite,The,animate,who,her,gymnast,criticized,failed to qualify,La gimnasta a quien el entrenador criticó no logró calificar para nacionales.,"Hay un cierto entrenador. Una gimnasta fue criticada por ese entrenador, y otra no."
24,coach,NDI,no,Definite,The,inanimate,which,its,routine,criticized,failed to qualify,La rutina que el entrenador criticó no logró calificar para nacionales.,"Hay un cierto entrenador. Una rutina fue criticada por ese entrenador, y otra no."
25,filler1,filler,no,Definite,The,animate,who,GOOD,chairman,admired,was hired,El presentador al que el presidente admiraba fue contratado en el acto.,"Hay un cierto presidente. Algunos presentadores fueron admirados por ese presidente, y otros no."
26,filler2,filler,no,Quantifier,Every,animate,who,GOOD,manicurist,met,wanted,Cada mujer a las que la manicurista conoció en el salón querían uñas rojas.,"Hay una cierta manicurista. Algunas mujeres fueron atendidas por esa manicurista, y otras no."
27,filler3,filler,no,Quantifier,Every,inanimate,which,GOOD,student,attended,started,Cada conferencia a las que el estudiante asistió el lunes empezaron cinco minutos antes.,"Hay un cierto estudiante. Algunas conferencias fueron asistidas por ese estudiante, y otras no."
28,filler4,filler,no,Quantifier,Every,animate,who,BAD,artist,spoke with,had,Cada calígrafo con el que habló el artista tenían una escritura hermosa.,"Hay un cierto artista. Algunos calígrafos fueron hablados por ese artista, y otros no."
29,filler5,filler,no,Definite,The,inanimate,which,BAD,roadie,disliked,played,Esta es la banda que el asistente de escenario no le gustaba tocó un espectáculo con entradas agotadas.,"Hay un cierto asistente de escenario. A una banda no le gustó ese asistente de escenario, y otra sí."
30,filler6,filler,no,Definite,The,inanimate,which,BAD,barista,ground,disliked,El café que el barista molió demasiado fino no le gustó al cliente.,"Hay un cierto barista. Algunos cafés fueron molidos por ese barista, y otros no."
0,practice,a,no,Quantifier,Every,animate,who,GOOD,bus driver,affected,chose,Cada conductor de autobús que se vio afectado por las inundaciones eligió una ruta diferente.,"Los conductores de autobuses tienen rutas específicas. Algunos conductores de autobuses se vieron afectados por las inundaciones, y otros no."
0,practice,a,no,Definite,The,animate,who,GOOD,motivational speaker,was selected,attended,El orador motivacional que fue seleccionado por el comité asistió a la ceremonia de premios.,"Hay un cierto comité. Un orador motivacional fue seleccionado por ese comité, y otro no."